id,track_popularity
0,0
1,1
2,2
3,3
4,4
5,5
6,6
7,7
8,8
9,9
10,10
11,11
12,12
13,13
14,14
15,15
16,16
17,17
18,18
19,19
20,20
21,21
22,22
23,23
24,24
25,25
26,26
27,27
28,28
29,29
30,30
31,31
32,32
33,33
34,34
35,35
36,36
37,37
38,38
39,39
40,40
41,41
42,42
43,43
44,44
45,45
46,46
47,47
48,48
49,49
50,50
51,51
52,52
53,53
54,54
55,55
56,56
57,57
58,58
59,59
60,60
61,61
62,62
63,63
64,64
65,65
66,66
67,67
68,68
69,69
70,70
71,71
72,72
73,73
74,74
75,75
76,76
77,77
78,78
79,79
80,80
81,81
82,82
83,83
84,84
85,85
86,86
87,87
88,88
89,89
90,90
91,91
92,92
93,93
94,94
95,95
96,96
97,97
98,98
99,99
100,100
101,0
102,1
103,2
104,3
105,4
106,5
107,6
108,7
109,8
110,9
111,10
112,11
113,12
114,13
115,14
116,15
117,16
118,17
119,18
120,19
121,20
122,21
123,22
124,23
125,24
126,25
127,26
128,27
129,28
130,29
131,30
132,31
133,32
134,33
135,34
136,35
137,36
138,37
139,38
140,39
141,40
142,41
143,42
144,43
145,44
146,45
147,46
148,47
149,48
150,49
151,50
152,51
153,52
154,53
155,54
156,55
157,56
158,57
159,58
160,59
161,60
162,61
163,62
164,63
165,64
166,65
167,66
168,67
169,68
170,69
171,70
172,71
173,72
174,73
175,74
176,75
177,76
178,77
179,78
180,79
181,80
182,81
183,82
184,83
185,84
186,85
187,86
188,87
189,88
190,89
191,90
192,91
193,92
194,93
195,94
196,95
197,96
198,97
199,98
200,99
201,100
202,0
203,1
204,2
205,3
206,4
207,5
208,6
209,7
210,8
211,9
212,10
213,11
214,12
215,13
216,14
217,15
218,16
219,17
220,18
221,19
222,20
223,21
224,22
225,23
226,24
227,25
228,26
229,27
230,28
231,29
232,30
233,31
234,32
235,33
236,34
237,35
238,36
239,37
240,38
241,39
242,40
243,41
244,42
245,43
246,44
247,45
248,46
249,47
250,48
251,49
252,50
253,51
254,52
255,53
256,54
257,55
258,56
259,57
260,58
261,59
262,60
263,61
264,62
265,63
266,64
267,65
268,66
269,67
270,68
271,69
272,70
273,71
274,72
275,73
276,74
277,75
278,76
279,77
280,78
281,79
282,80
283,81
284,82
285,83
286,84
287,85
288,86
289,87
290,88
291,89
292,90
293,91
294,92
295,93
296,94
297,95
298,96
299,97
300,98
301,99
302,100
303,0
304,1
305,2
306,3
307,4
308,5
309,6
310,7
311,8
312,9
313,10
314,11
315,12
316,13
317,14
318,15
319,16
320,17
321,18
322,19
323,20
324,21
325,22
326,23
327,24
328,25
329,26
330,27
331,28
332,29
333,30
334,31
335,32
336,33
337,34
338,35
339,36
340,37
341,38
342,39
343,40
344,41
345,42
346,43
347,44
348,45
349,46
350,47
351,48
352,49
353,50
354,51
355,52
356,53
357,54
358,55
359,56
360,57
361,58
362,59
363,60
364,61
365,62
366,63
367,64
368,65
369,66
370,67
371,68
372,69
373,70
374,71
375,72
376,73
377,74
378,75
379,76
380,77
381,78
382,79
383,80
384,81
385,82
386,83
387,84
388,85
389,86
390,87
391,88
392,89
393,90
394,91
395,92
396,93
397,94
398,95
399,96
400,97
401,98
402,99
403,100
404,0
405,1
406,2
407,3
408,4
409,5
410,6
411,7
412,8
413,9
414,10
415,11
416,12
417,13
418,14
419,15
420,16
421,17
422,18
423,19
424,20
425,21
426,22
427,23
428,24
429,25
430,26
431,27
432,28
433,29
434,30
435,31
436,32
437,33
438,34
439,35
440,36
441,37
442,38
443,39
444,40
445,41
446,42
447,43
448,44
449,45
450,46
451,47
452,48
453,49
454,50
455,51
456,52
457,53
458,54
459,55
460,56
461,57
462,58
463,59
464,60
465,61
466,62
467,63
468,64
469,65
470,66
471,67
472,68
473,69
474,70
475,71
476,72
477,73
478,74
479,75
480,76
481,77
482,78
483,79
484,80
485,81
486,82
487,83
488,84
489,85
490,86
491,87
492,88
493,89
494,90
495,91
496,92
497,93
498,94
499,95
500,96
501,97
502,98
503,99
504,100
505,0
506,1
507,2
508,3
509,4
510,5
511,6
512,7
513,8
514,9
515,10
516,11
517,12
518,13
519,14
520,15
521,16
522,17
523,18
524,19
525,20
526,21
527,22
528,23
529,24
530,25
531,26
532,27
533,28
534,29
535,30
536,31
537,32
538,33
539,34
540,35
541,36
542,37
543,38
544,39
545,40
546,41
547,42
548,43
549,44
550,45
551,46
552,47
553,48
554,49
555,50
556,51
557,52
558,53
559,54
560,55
561,56
562,57
563,58
564,59
565,60
566,61
567,62
568,63
569,64
570,65
571,66
572,67
573,68
574,69
575,70
576,71
577,72
578,73
579,74
580,75
581,76
582,77
583,78
584,79
585,80
586,81
587,82
588,83
589,84
590,85
591,86
592,87
593,88
594,89
595,90
596,91
597,92
598,93
599,94
600,95
601,96
602,97
603,98
604,99
605,100
606,0
607,1
608,2
609,3
610,4
611,5
612,6
613,7
614,8
615,9
616,10
617,11
618,12
619,13
620,14
621,15
622,16
623,17
624,18
625,19
626,20
627,21
628,22
629,23
630,24
631,25
632,26
633,27
634,28
635,29
636,30
637,31
638,32
639,33
640,34
641,35
642,36
643,37
644,38
645,39
646,40
647,41
648,42
649,43
650,44
651,45
652,46
653,47
654,48
655,49
656,50
657,51
658,52
659,53
660,54
661,55
662,56
663,57
664,58
665,59
666,60
667,61
668,62
669,63
670,64
671,65
672,66
673,67
674,68
675,69
676,70
677,71
678,72
679,73
680,74
681,75
682,76
683,77
684,78
685,79
686,80
687,81
688,82
689,83
690,84
691,85
692,86
693,87
694,88
695,89
696,90
697,91
698,92
699,93
700,94
701,95
702,96
703,97
704,98
705,99
706,100
707,0
708,1
709,2
710,3
711,4
712,5
713,6
714,7
715,8
716,9
717,10
718,11
719,12
720,13
721,14
722,15
723,16
724,17
725,18
726,19
727,20
728,21
729,22
730,23
731,24
732,25
733,26
734,27
735,28
736,29
737,30
738,31
739,32
740,33
741,34
742,35
743,36
744,37
745,38
746,39
747,40
748,41
749,42
750,43
751,44
752,45
753,46
754,47
755,48
756,49
757,50
758,51
759,52
760,53
761,54
762,55
763,56
764,57
765,58
766,59
767,60
768,61
769,62
770,63
771,64
772,65
773,66
774,67
775,68
776,69
777,70
778,71
779,72
780,73
781,74
782,75
783,76
784,77
785,78
786,79
787,80
788,81
789,82
790,83
791,84
792,85
793,86
794,87
795,88
796,89
797,90
798,91
799,92
800,93
801,94
802,95
803,96
804,97
805,98
806,99
807,100
808,0
809,1
810,2
811,3
812,4
813,5
814,6
815,7
816,8
817,9
818,10
819,11
820,12
821,13
822,14
823,15
824,16
825,17
826,18
827,19
828,20
829,21
830,22
831,23
832,24
833,25
834,26
835,27
836,28
837,29
838,30
839,31
840,32
841,33
842,34
843,35
844,36
845,37
846,38
847,39
848,40
849,41
850,42
851,43
852,44
853,45
854,46
855,47
856,48
857,49
858,50
859,51
860,52
861,53
862,54
863,55
864,56
865,57
866,58
867,59
868,60
869,61
870,62
871,63
872,64
873,65
874,66
875,67
876,68
877,69
878,70
879,71
880,72
881,73
882,74
883,75
884,76
885,77
886,78
887,79
888,80
889,81
890,82
891,83
892,84
893,85
894,86
895,87
896,88
897,89
898,90
899,91
900,92
901,93
902,94
903,95
904,96
905,97
906,98
907,99
908,100
909,0
910,1
911,2
912,3
913,4
914,5
915,6
916,7
917,8
918,9
919,10
920,11
921,12
922,13
923,14
924,15
925,16
926,17
927,18
928,19
929,20
930,21
931,22
932,23
933,24
934,25
935,26
936,27
937,28
938,29
939,30
940,31
941,32
942,33
943,34
944,35
945,36
946,37
947,38
948,39
949,40
950,41
951,42
952,43
953,44
954,45
955,46
956,47
957,48
958,49
959,50
960,51
961,52
962,53
963,54
964,55
965,56
966,57
967,58
968,59
969,60
970,61
971,62
972,63
973,64
974,65
975,66
976,67
977,68
978,69
979,70
980,71
981,72
982,73
983,74
984,75
985,76
986,77
987,78
988,79
989,80
990,81
991,82
992,83
993,84
994,85
995,86
996,87
997,88
998,89
999,90
1000,91
1001,92
1002,93
1003,94
1004,95
1005,96
1006,97
1007,98
1008,99
1009,100
1010,0
1011,1
1012,2
1013,3
1014,4
1015,5
1016,6
1017,7
1018,8
1019,9
1020,10
1021,11
1022,12
1023,13
1024,14
1025,15
1026,16
1027,17
1028,18
1029,19
1030,20
1031,21
1032,22
1033,23
1034,24
1035,25
1036,26
1037,27
1038,28
1039,29
1040,30
1041,31
1042,32
1043,33
1044,34
1045,35
1046,36
1047,37
1048,38
1049,39
1050,40
1051,41
1052,42
1053,43
1054,44
1055,45
1056,46
1057,47
1058,48
1059,49
1060,50
1061,51
1062,52
1063,53
1064,54
1065,55
1066,56
1067,57
1068,58
1069,59
1070,60
1071,61
1072,62
1073,63
1074,64
1075,65
1076,66
1077,67
1078,68
1079,69
1080,70
1081,71
1082,72
1083,73
1084,74
1085,75
1086,76
1087,77
1088,78
1089,79
1090,80
1091,81
1092,82
1093,83
1094,84
1095,85
1096,86
1097,87
1098,88
1099,89
1100,90
1101,91
1102,92
1103,93
1104,94
1105,95
1106,96
1107,97
1108,98
1109,99
1110,100
1111,0
1112,1
1113,2
1114,3
1115,4
1116,5
1117,6
1118,7
1119,8
1120,9
1121,10
1122,11
1123,12
1124,13
1125,14
1126,15
1127,16
1128,17
1129,18
1130,19
1131,20
1132,21
1133,22
1134,23
1135,24
1136,25
1137,26
1138,27
1139,28
1140,29
1141,30
1142,31
1143,32
1144,33
1145,34
1146,35
1147,36
1148,37
1149,38
1150,39
1151,40
1152,41
1153,42
1154,43
1155,44
1156,45
1157,46
1158,47
1159,48
1160,49
1161,50
1162,51
1163,52
1164,53
1165,54
1166,55
1167,56
1168,57
1169,58
1170,59
1171,60
1172,61
1173,62
1174,63
1175,64
1176,65
1177,66
1178,67
1179,68
1180,69
1181,70
1182,71
1183,72
1184,73
1185,74
1186,75
1187,76
1188,77
1189,78
1190,79
1191,80
1192,81
1193,82
1194,83
1195,84
1196,85
1197,86
1198,87
1199,88
1200,89
1201,90
1202,91
1203,92
1204,93
1205,94
1206,95
1207,96
1208,97
1209,98
1210,99
1211,100
1212,0
1213,1
1214,2
1215,3
1216,4
1217,5
1218,6
1219,7
1220,8
1221,9
1222,10
1223,11
1224,12
1225,13
1226,14
1227,15
1228,16
1229,17
1230,18
1231,19
1232,20
1233,21
1234,22
1235,23
1236,24
1237,25
1238,26
1239,27
1240,28
1241,29
1242,30
1243,31
1244,32
1245,33
1246,34
1247,35
1248,36
1249,37
1250,38
1251,39
1252,40
1253,41
1254,42
1255,43
1256,44
1257,45
1258,46
1259,47
1260,48
1261,49
1262,50
1263,51
1264,52
1265,53
1266,54
1267,55
1268,56
1269,57
1270,58
1271,59
1272,60
1273,61
1274,62
1275,63
1276,64
1277,65
1278,66
1279,67
1280,68
1281,69
1282,70
1283,71
1284,72
1285,73
1286,74
1287,75
1288,76
1289,77
1290,78
1291,79
1292,80
1293,81
1294,82
1295,83
1296,84
1297,85
1298,86
1299,87
1300,88
1301,89
1302,90
1303,91
1304,92
1305,93
1306,94
1307,95
1308,96
1309,97
1310,98
1311,99
1312,100
1313,0
1314,1
1315,2
1316,3
1317,4
1318,5
1319,6
1320,7
1321,8
1322,9
1323,10
1324,11
1325,12
1326,13
1327,14
1328,15
1329,16
1330,17
1331,18
1332,19
1333,20
1334,21
1335,22
1336,23
1337,24
1338,25
1339,26
1340,27
1341,28
1342,29
1343,30
1344,31
1345,32
1346,33
1347,34
1348,35
1349,36
1350,37
1351,38
1352,39
1353,40
1354,41
1355,42
1356,43
1357,44
1358,45
1359,46
1360,47
1361,48
1362,49
1363,50
1364,51
1365,52
1366,53
1367,54
1368,55
1369,56
1370,57
1371,58
1372,59
1373,60
1374,61
1375,62
1376,63
1377,64
1378,65
1379,66
1380,67
1381,68
1382,69
1383,70
1384,71
1385,72
1386,73
1387,74
1388,75
1389,76
1390,77
1391,78
1392,79
1393,80
1394,81
1395,82
1396,83
1397,84
1398,85
1399,86
1400,87
1401,88
1402,89
1403,90
1404,91
1405,92
1406,93
1407,94
1408,95
1409,96
1410,97
1411,98
1412,99
1413,100
1414,0
1415,1
1416,2
1417,3
1418,4
1419,5
1420,6
1421,7
1422,8
1423,9
1424,10
1425,11
1426,12
1427,13
1428,14
1429,15
1430,16
1431,17
1432,18
1433,19
1434,20
1435,21
1436,22
1437,23
1438,24
1439,25
1440,26
1441,27
1442,28
1443,29
1444,30
1445,31
1446,32
1447,33
1448,34
1449,35
1450,36
1451,37
1452,38
1453,39
1454,40
1455,41
1456,42
1457,43
1458,44
1459,45
1460,46
1461,47
1462,48
1463,49
1464,50
1465,51
1466,52
1467,53
1468,54
1469,55
1470,56
1471,57
1472,58
1473,59
1474,60
1475,61
1476,62
1477,63
1478,64
1479,65
1480,66
1481,67
1482,68
1483,69
1484,70
1485,71
1486,72
1487,73
1488,74
1489,75
1490,76
1491,77
1492,78
1493,79
1494,80
1495,81
1496,82
1497,83
1498,84
1499,85
1500,86
1501,87
1502,88
1503,89
1504,90
1505,91
1506,92
1507,93
1508,94
1509,95
1510,96
1511,97
1512,98
1513,99
1514,100
1515,0
1516,1
1517,2
1518,3
1519,4
1520,5
1521,6
1522,7
1523,8
1524,9
1525,10
1526,11
1527,12
1528,13
1529,14
1530,15
1531,16
1532,17
1533,18
1534,19
1535,20
1536,21
1537,22
1538,23
1539,24
1540,25
1541,26
1542,27
1543,28
1544,29
1545,30
1546,31
1547,32
1548,33
1549,34
1550,35
1551,36
1552,37
1553,38
1554,39
1555,40
1556,41
1557,42
1558,43
1559,44
1560,45
1561,46
1562,47
1563,48
1564,49
1565,50
1566,51
1567,52
1568,53
1569,54
1570,55
1571,56
1572,57
1573,58
1574,59
1575,60
1576,61
1577,62
1578,63
1579,64
1580,65
1581,66
1582,67
1583,68
1584,69
1585,70
1586,71
1587,72
1588,73
1589,74
1590,75
1591,76
1592,77
1593,78
1594,79
1595,80
1596,81
1597,82
1598,83
1599,84
1600,85
1601,86
1602,87
1603,88
1604,89
1605,90
1606,91
1607,92
1608,93
1609,94
1610,95
1611,96
1612,97
1613,98
1614,99
1615,100
1616,0
1617,1
1618,2
1619,3
1620,4
1621,5
1622,6
1623,7
1624,8
1625,9
1626,10
1627,11
1628,12
1629,13
1630,14
1631,15
1632,16
1633,17
1634,18
1635,19
1636,20
1637,21
1638,22
1639,23
1640,24
1641,25
1642,26
1643,27
1644,28
1645,29
1646,30
1647,31
1648,32
1649,33
1650,34
1651,35
1652,36
1653,37
1654,38
1655,39
1656,40
1657,41
1658,42
1659,43
1660,44
1661,45
1662,46
1663,47
1664,48
1665,49
1666,50
1667,51
1668,52
1669,53
1670,54
1671,55
1672,56
1673,57
1674,58
1675,59
1676,60
1677,61
1678,62
1679,63
1680,64
1681,65
1682,66
1683,67
1684,68
1685,69
1686,70
1687,71
1688,72
1689,73
1690,74
1691,75
1692,76
1693,77
1694,78
1695,79
1696,80
1697,81
1698,82
1699,83
1700,84
1701,85
1702,86
1703,87
1704,88
1705,89
1706,90
1707,91
1708,92
1709,93
1710,94
1711,95
1712,96
1713,97
1714,98
1715,99
1716,100
1717,0
1718,1
1719,2
1720,3
1721,4
1722,5
1723,6
1724,7
1725,8
1726,9
1727,10
1728,11
1729,12
1730,13
1731,14
1732,15
1733,16
1734,17
1735,18
1736,19
1737,20
1738,21
1739,22
1740,23
1741,24
1742,25
1743,26
1744,27
1745,28
1746,29
1747,30
1748,31
1749,32
1750,33
1751,34
1752,35
1753,36
1754,37
1755,38
1756,39
1757,40
1758,41
1759,42
1760,43
1761,44
1762,45
1763,46
1764,47
1765,48
1766,49
1767,50
1768,51
1769,52
1770,53
1771,54
1772,55
1773,56
1774,57
1775,58
1776,59
1777,60
1778,61
1779,62
1780,63
1781,64
1782,65
1783,66
1784,67
1785,68
1786,69
1787,70
1788,71
1789,72
1790,73
1791,74
1792,75
1793,76
1794,77
1795,78
1796,79
1797,80
1798,81
1799,82
1800,83
1801,84
1802,85
1803,86
1804,87
1805,88
1806,89
1807,90
1808,91
1809,92
1810,93
1811,94
1812,95
1813,96
1814,97
1815,98
1816,99
1817,100
1818,0
1819,1
1820,2
1821,3
1822,4
1823,5
1824,6
1825,7
1826,8
1827,9
1828,10
1829,11
1830,12
1831,13
1832,14
1833,15
1834,16
1835,17
1836,18
1837,19
1838,20
1839,21
1840,22
1841,23
1842,24
1843,25
1844,26
1845,27
1846,28
1847,29
1848,30
1849,31
1850,32
1851,33
1852,34
1853,35
1854,36
1855,37
1856,38
1857,39
1858,40
1859,41
1860,42
1861,43
1862,44
1863,45
1864,46
1865,47
1866,48
1867,49
1868,50
1869,51
1870,52
1871,53
1872,54
1873,55
1874,56
1875,57
1876,58
1877,59
1878,60
1879,61
1880,62
1881,63
1882,64
1883,65
1884,66
1885,67
1886,68
1887,69
1888,70
1889,71
1890,72
1891,73
1892,74
1893,75
1894,76
1895,77
1896,78
1897,79
1898,80
1899,81
1900,82
1901,83
1902,84
1903,85
1904,86
1905,87
1906,88
1907,89
1908,90
1909,91
1910,92
1911,93
1912,94
1913,95
1914,96
1915,97
1916,98
1917,99
1918,100
1919,0
1920,1
1921,2
1922,3
1923,4
1924,5
1925,6
1926,7
1927,8
1928,9
1929,10
1930,11
1931,12
1932,13
1933,14
1934,15
1935,16
1936,17
1937,18
1938,19
1939,20
1940,21
1941,22
1942,23
1943,24
1944,25
1945,26
1946,27
1947,28
1948,29
1949,30
1950,31
1951,32
1952,33
1953,34
1954,35
1955,36
1956,37
1957,38
1958,39
1959,40
1960,41
1961,42
1962,43
1963,44
1964,45
1965,46
1966,47
1967,48
1968,49
1969,50
1970,51
1971,52
1972,53
1973,54
1974,55
1975,56
1976,57
1977,58
1978,59
1979,60
1980,61
1981,62
1982,63
1983,64
1984,65
1985,66
1986,67
1987,68
1988,69
1989,70
1990,71
1991,72
1992,73
1993,74
1994,75
1995,76
1996,77
1997,78
1998,79
1999,80
2000,81
2001,82
2002,83
2003,84
2004,85
2005,86
2006,87
2007,88
2008,89
2009,90
2010,91
2011,92
2012,93
2013,94
2014,95
2015,96
2016,97
2017,98
2018,99
2019,100
2020,0
2021,1
2022,2
2023,3
2024,4
2025,5
2026,6
2027,7
2028,8
2029,9
2030,10
2031,11
2032,12
2033,13
2034,14
2035,15
2036,16
2037,17
2038,18
2039,19
2040,20
2041,21
2042,22
2043,23
2044,24
2045,25
2046,26
2047,27
2048,28
2049,29
2050,30
2051,31
2052,32
2053,33
2054,34
2055,35
2056,36
2057,37
2058,38
2059,39
2060,40
2061,41
2062,42
2063,43
2064,44
2065,45
2066,46
2067,47
2068,48
2069,49
2070,50
2071,51
2072,52
2073,53
2074,54
2075,55
2076,56
2077,57
2078,58
2079,59
2080,60
2081,61
2082,62
2083,63
2084,64
2085,65
2086,66
2087,67
2088,68
2089,69
2090,70
2091,71
2092,72
2093,73
2094,74
2095,75
2096,76
2097,77
2098,78
2099,79
2100,80
2101,81
2102,82
2103,83
2104,84
2105,85
2106,86
2107,87
2108,88
2109,89
2110,90
2111,91
2112,92
2113,93
2114,94
2115,95
2116,96
2117,97
2118,98
2119,99
2120,100
2121,0
2122,1
2123,2
2124,3
2125,4
2126,5
2127,6
2128,7
2129,8
2130,9
2131,10
2132,11
2133,12
2134,13
2135,14
2136,15
2137,16
2138,17
2139,18
2140,19
2141,20
2142,21
2143,22
2144,23
2145,24
2146,25
2147,26
2148,27
2149,28
2150,29
2151,30
2152,31
2153,32
2154,33
2155,34
2156,35
2157,36
2158,37
2159,38
2160,39
2161,40
2162,41
2163,42
2164,43
2165,44
2166,45
2167,46
2168,47
2169,48
2170,49
2171,50
2172,51
2173,52
2174,53
2175,54
2176,55
2177,56
2178,57
2179,58
2180,59
2181,60
2182,61
2183,62
2184,63
2185,64
2186,65
2187,66
2188,67
2189,68
2190,69
2191,70
2192,71
2193,72
2194,73
2195,74
2196,75
2197,76
2198,77
2199,78
2200,79
2201,80
2202,81
2203,82
2204,83
2205,84
2206,85
2207,86
2208,87
2209,88
2210,89
2211,90
2212,91
2213,92
2214,93
2215,94
2216,95
2217,96
2218,97
2219,98
2220,99
2221,100
2222,0
2223,1
2224,2
2225,3
2226,4
2227,5
2228,6
2229,7
2230,8
2231,9
2232,10
2233,11
2234,12
2235,13
2236,14
2237,15
2238,16
2239,17
2240,18
2241,19
2242,20
2243,21
2244,22
2245,23
2246,24
2247,25
2248,26
2249,27
2250,28
2251,29
2252,30
2253,31
2254,32
2255,33
2256,34
2257,35
2258,36
2259,37
2260,38
2261,39
2262,40
2263,41
2264,42
2265,43
2266,44
2267,45
2268,46
2269,47
2270,48
2271,49
2272,50
2273,51
2274,52
2275,53
2276,54
2277,55
2278,56
2279,57
2280,58
2281,59
2282,60
2283,61
2284,62
2285,63
2286,64
2287,65
2288,66
2289,67
2290,68
2291,69
2292,70
2293,71
2294,72
2295,73
2296,74
2297,75
2298,76
2299,77
2300,78
2301,79
2302,80
2303,81
2304,82
2305,83
2306,84
2307,85
2308,86
2309,87
2310,88
2311,89
2312,90
2313,91
2314,92
2315,93
2316,94
2317,95
2318,96
2319,97
2320,98
2321,99
2322,100
2323,0
2324,1
2325,2
2326,3
2327,4
2328,5
2329,6
2330,7
2331,8
2332,9
2333,10
2334,11
2335,12
2336,13
2337,14
2338,15
2339,16
2340,17
2341,18
2342,19
2343,20
2344,21
2345,22
2346,23
2347,24
2348,25
2349,26
2350,27
2351,28
2352,29
2353,30
2354,31
2355,32
2356,33
2357,34
2358,35
2359,36
2360,37
2361,38
2362,39
2363,40
2364,41
2365,42
2366,43
2367,44
2368,45
2369,46
2370,47
2371,48
2372,49
2373,50
2374,51
2375,52
2376,53
2377,54
2378,55
2379,56
2380,57
2381,58
2382,59
2383,60
2384,61
2385,62
2386,63
2387,64
2388,65
2389,66
2390,67
2391,68
2392,69
2393,70
2394,71
2395,72
2396,73
2397,74
2398,75
2399,76
2400,77
2401,78
2402,79
2403,80
2404,81
2405,82
2406,83
2407,84
2408,85
2409,86
2410,87
2411,88
2412,89
2413,90
2414,91
2415,92
2416,93
2417,94
2418,95
2419,96
2420,97
2421,98
2422,99
2423,100
2424,0
2425,1
2426,2
2427,3
2428,4
2429,5
2430,6
2431,7
2432,8
2433,9
2434,10
2435,11
2436,12
2437,13
2438,14
2439,15
2440,16
2441,17
2442,18
2443,19
2444,20
2445,21
2446,22
2447,23
2448,24
2449,25
2450,26
2451,27
2452,28
2453,29
2454,30
2455,31
2456,32
2457,33
2458,34
2459,35
2460,36
2461,37
2462,38
2463,39
2464,40
2465,41
2466,42
2467,43
2468,44
2469,45
2470,46
2471,47
2472,48
2473,49
2474,50
2475,51
2476,52
2477,53
2478,54
2479,55
2480,56
2481,57
2482,58
2483,59
2484,60
2485,61
2486,62
2487,63
2488,64
2489,65
2490,66
2491,67
2492,68
2493,69
2494,70
2495,71
2496,72
2497,73
2498,74
2499,75
2500,76
2501,77
2502,78
2503,79
2504,80
2505,81
2506,82
2507,83
2508,84
2509,85
2510,86
2511,87
2512,88
2513,89
2514,90
2515,91
2516,92
2517,93
2518,94
2519,95
2520,96
2521,97
2522,98
2523,99
2524,100
2525,0
2526,1
2527,2
2528,3
2529,4
2530,5
2531,6
2532,7
2533,8
2534,9
2535,10
2536,11
2537,12
2538,13
2539,14
2540,15
2541,16
2542,17
2543,18
2544,19
2545,20
2546,21
2547,22
2548,23
2549,24
2550,25
2551,26
2552,27
2553,28
2554,29
2555,30
2556,31
2557,32
2558,33
2559,34
2560,35
2561,36
2562,37
2563,38
2564,39
2565,40
2566,41
2567,42
2568,43
2569,44
2570,45
2571,46
2572,47
2573,48
2574,49
2575,50
2576,51
2577,52
2578,53
2579,54
2580,55
2581,56
2582,57
2583,58
2584,59
2585,60
2586,61
2587,62
2588,63
2589,64
2590,65
2591,66
2592,67
2593,68
2594,69
2595,70
2596,71
2597,72
2598,73
2599,74
2600,75
2601,76
2602,77
2603,78
2604,79
2605,80
2606,81
2607,82
2608,83
2609,84
2610,85
2611,86
2612,87
2613,88
2614,89
2615,90
2616,91
2617,92
2618,93
2619,94
2620,95
2621,96
2622,97
2623,98
2624,99
2625,100
2626,0
2627,1
2628,2
2629,3
2630,4
2631,5
2632,6
2633,7
2634,8
2635,9
2636,10
2637,11
2638,12
2639,13
2640,14
2641,15
2642,16
2643,17
2644,18
2645,19
2646,20
2647,21
2648,22
2649,23
2650,24
2651,25
2652,26
2653,27
2654,28
2655,29
2656,30
2657,31
2658,32
2659,33
2660,34
2661,35
2662,36
2663,37
2664,38
2665,39
2666,40
2667,41
2668,42
2669,43
2670,44
2671,45
2672,46
2673,47
2674,48
2675,49
2676,50
2677,51
2678,52
2679,53
2680,54
2681,55
2682,56
2683,57
2684,58
2685,59
2686,60
2687,61
2688,62
2689,63
2690,64
2691,65
2692,66
2693,67
2694,68
2695,69
2696,70
2697,71
2698,72
2699,73
2700,74
2701,75
2702,76
2703,77
2704,78
2705,79
2706,80
2707,81
2708,82
2709,83
2710,84
2711,85
2712,86
2713,87
2714,88
2715,89
2716,90
2717,91
2718,92
2719,93
2720,94
2721,95
2722,96
2723,97
2724,98
2725,99
2726,100
2727,0
2728,1
2729,2
2730,3
2731,4
2732,5
2733,6
2734,7
2735,8
2736,9
2737,10
2738,11
2739,12
2740,13
2741,14
2742,15
2743,16
2744,17
2745,18
2746,19
2747,20
2748,21
2749,22
2750,23
2751,24
2752,25
2753,26
2754,27
2755,28
2756,29
2757,30
2758,31
2759,32
2760,33
2761,34
2762,35
2763,36
2764,37
2765,38
2766,39
2767,40
2768,41
2769,42
2770,43
2771,44
2772,45
2773,46
2774,47
2775,48
2776,49
2777,50
2778,51
2779,52
2780,53
2781,54
2782,55
2783,56
2784,57
2785,58
2786,59
2787,60
2788,61
2789,62
2790,63
2791,64
2792,65
2793,66
2794,67
2795,68
2796,69
2797,70
2798,71
2799,72
2800,73
2801,74
2802,75
2803,76
2804,77
2805,78
2806,79
2807,80
2808,81
2809,82
2810,83
2811,84
2812,85
2813,86
2814,87
2815,88
2816,89
2817,90
2818,91
2819,92
2820,93
2821,94
2822,95
2823,96
2824,97
2825,98
2826,99
2827,100
2828,0
2829,1
2830,2
2831,3
2832,4
2833,5
2834,6
2835,7
2836,8
2837,9
2838,10
2839,11
2840,12
2841,13
2842,14
2843,15
2844,16
2845,17
2846,18
2847,19
2848,20
2849,21
2850,22
2851,23
2852,24
2853,25
2854,26
2855,27
2856,28
2857,29
2858,30
2859,31
2860,32
2861,33
2862,34
2863,35
2864,36
2865,37
2866,38
2867,39
2868,40
2869,41
2870,42
2871,43
2872,44
2873,45
2874,46
2875,47
2876,48
2877,49
2878,50
2879,51
2880,52
2881,53
2882,54
2883,55
2884,56
2885,57
2886,58
2887,59
2888,60
2889,61
2890,62
2891,63
2892,64
2893,65
2894,66
2895,67
2896,68
2897,69
2898,70
2899,71
2900,72
2901,73
2902,74
2903,75
2904,76
2905,77
2906,78
2907,79
2908,80
2909,81
2910,82
2911,83
2912,84
2913,85
2914,86
2915,87
2916,88
2917,89
2918,90
2919,91
2920,92
2921,93
2922,94
2923,95
2924,96
2925,97
2926,98
2927,99
2928,100
2929,0
2930,1
2931,2
2932,3
2933,4
2934,5
2935,6
2936,7
2937,8
2938,9
2939,10
2940,11
2941,12
2942,13
2943,14
2944,15
2945,16
2946,17
2947,18
2948,19
2949,20
2950,21
2951,22
2952,23
2953,24
2954,25
2955,26
2956,27
2957,28
2958,29
2959,30
2960,31
2961,32
2962,33
2963,34
2964,35
2965,36
2966,37
2967,38
2968,39
2969,40
2970,41
2971,42
2972,43
2973,44
2974,45
2975,46
2976,47
2977,48
2978,49
2979,50
2980,51
2981,52
2982,53
2983,54
2984,55
2985,56
2986,57
2987,58
2988,59
2989,60
2990,61
2991,62
2992,63
2993,64
2994,65
2995,66
2996,67
2997,68
2998,69
2999,70
3000,71
3001,72
3002,73
3003,74
3004,75
3005,76
3006,77
3007,78
3008,79
3009,80
3010,81
3011,82
3012,83
3013,84
3014,85
3015,86
3016,87
3017,88
3018,89
3019,90
3020,91
3021,92
3022,93
3023,94
3024,95
3025,96
3026,97
3027,98
3028,99
3029,100
3030,0
3031,1
3032,2
3033,3
3034,4
3035,5
3036,6
3037,7
3038,8
3039,9
3040,10
3041,11
3042,12
3043,13
3044,14
3045,15
3046,16
3047,17
3048,18
3049,19
3050,20
3051,21
3052,22
3053,23
3054,24
3055,25
3056,26
3057,27
3058,28
3059,29
3060,30
3061,31
3062,32
3063,33
3064,34
3065,35
3066,36
3067,37
3068,38
3069,39
3070,40
3071,41
3072,42
3073,43
3074,44
3075,45
3076,46
3077,47
3078,48
3079,49
3080,50
3081,51
3082,52
3083,53
3084,54
3085,55
3086,56
3087,57
3088,58
3089,59
3090,60
3091,61
3092,62
3093,63
3094,64
3095,65
3096,66
3097,67
3098,68
3099,69
3100,70
3101,71
3102,72
3103,73
3104,74
3105,75
3106,76
3107,77
3108,78
3109,79
3110,80
3111,81
3112,82
3113,83
3114,84
3115,85
3116,86
3117,87
3118,88
3119,89
3120,90
3121,91
3122,92
3123,93
3124,94
3125,95
3126,96
3127,97
3128,98
3129,99
3130,100
3131,0
3132,1
3133,2
3134,3
3135,4
3136,5
3137,6
3138,7
3139,8
3140,9
3141,10
3142,11
3143,12
3144,13
3145,14
3146,15
3147,16
3148,17
3149,18
3150,19
3151,20
3152,21
3153,22
3154,23
3155,24
3156,25
3157,26
3158,27
3159,28
3160,29
3161,30
3162,31
3163,32
3164,33
3165,34
3166,35
3167,36
3168,37
3169,38
3170,39
3171,40
3172,41
3173,42
3174,43
3175,44
3176,45
3177,46
3178,47
3179,48
3180,49
3181,50
3182,51
3183,52
3184,53
3185,54
3186,55
3187,56
3188,57
3189,58
3190,59
3191,60
3192,61
3193,62
3194,63
3195,64
3196,65
3197,66
3198,67
3199,68
3200,69
3201,70
3202,71
3203,72
3204,73
3205,74
3206,75
3207,76
3208,77
3209,78
3210,79
3211,80
3212,81
3213,82
3214,83
3215,84
3216,85
3217,86
3218,87
3219,88
3220,89
3221,90
3222,91
3223,92
3224,93
3225,94
3226,95
3227,96
3228,97
3229,98
3230,99
3231,100
3232,0
3233,1
3234,2
3235,3
3236,4
3237,5
3238,6
3239,7
3240,8
3241,9
3242,10
3243,11
3244,12
3245,13
3246,14
3247,15
3248,16
3249,17
3250,18
3251,19
3252,20
3253,21
3254,22
3255,23
3256,24
3257,25
3258,26
3259,27
3260,28
3261,29
3262,30
3263,31
3264,32
3265,33
3266,34
3267,35
3268,36
3269,37
3270,38
3271,39
3272,40
3273,41
3274,42
3275,43
3276,44
3277,45
3278,46
3279,47
3280,48
3281,49
3282,50
3283,51
3284,52
3285,53
3286,54
3287,55
3288,56
3289,57
3290,58
3291,59
3292,60
3293,61
3294,62
3295,63
3296,64
3297,65
3298,66
3299,67
3300,68
3301,69
3302,70
3303,71
3304,72
3305,73
3306,74
3307,75
3308,76
3309,77
3310,78
3311,79
3312,80
3313,81
3314,82
3315,83
3316,84
3317,85
3318,86
3319,87
3320,88
3321,89
3322,90
3323,91
3324,92
3325,93
3326,94
3327,95
3328,96
3329,97
3330,98
3331,99
3332,100
3333,0
3334,1
3335,2
3336,3
3337,4
3338,5
3339,6
3340,7
3341,8
3342,9
3343,10
3344,11
3345,12
3346,13
3347,14
3348,15
3349,16
3350,17
3351,18
3352,19
3353,20
3354,21
3355,22
3356,23
3357,24
3358,25
3359,26
3360,27
3361,28
3362,29
3363,30
3364,31
3365,32
3366,33
3367,34
3368,35
3369,36
3370,37
3371,38
3372,39
3373,40
3374,41
3375,42
3376,43
3377,44
3378,45
3379,46
3380,47
3381,48
3382,49
3383,50
3384,51
3385,52
3386,53
3387,54
3388,55
3389,56
3390,57
3391,58
3392,59
3393,60
3394,61
3395,62
3396,63
3397,64
3398,65
3399,66
3400,67
3401,68
3402,69
3403,70
3404,71
3405,72
3406,73
3407,74
3408,75
3409,76
3410,77
3411,78
3412,79
3413,80
3414,81
3415,82
3416,83
3417,84
3418,85
3419,86
3420,87
3421,88
3422,89
3423,90
3424,91
3425,92
3426,93
3427,94
3428,95
3429,96
3430,97
3431,98
3432,99
3433,100
3434,0
3435,1
3436,2
3437,3
3438,4
3439,5
3440,6
3441,7
3442,8
3443,9
3444,10
3445,11
3446,12
3447,13
3448,14
3449,15
3450,16
3451,17
3452,18
3453,19
3454,20
3455,21
3456,22
3457,23
3458,24
3459,25
3460,26
3461,27
3462,28
3463,29
3464,30
3465,31
3466,32
3467,33
3468,34
3469,35
3470,36
3471,37
3472,38
3473,39
3474,40
3475,41
3476,42
3477,43
3478,44
3479,45
3480,46
3481,47
3482,48
3483,49
3484,50
3485,51
3486,52
3487,53
3488,54
3489,55
3490,56
3491,57
3492,58
3493,59
3494,60
3495,61
3496,62
3497,63
3498,64
3499,65
3500,66
3501,67
3502,68
3503,69
3504,70
3505,71
3506,72
3507,73
3508,74
3509,75
3510,76
3511,77
3512,78
3513,79
3514,80
3515,81
3516,82
3517,83
3518,84
3519,85
3520,86
3521,87
3522,88
3523,89
3524,90
3525,91
3526,92
3527,93
3528,94
3529,95
3530,96
3531,97
3532,98
3533,99
3534,100
3535,0
3536,1
3537,2
3538,3
3539,4
3540,5
3541,6
3542,7
3543,8
3544,9
3545,10
3546,11
3547,12
3548,13
3549,14
3550,15
3551,16
3552,17
3553,18
3554,19
3555,20
3556,21
3557,22
3558,23
3559,24
3560,25
3561,26
3562,27
3563,28
3564,29
3565,30
3566,31
3567,32
3568,33
3569,34
3570,35
3571,36
3572,37
3573,38
3574,39
3575,40
3576,41
3577,42
3578,43
3579,44
3580,45
3581,46
3582,47
3583,48
3584,49
3585,50
3586,51
3587,52
3588,53
3589,54
3590,55
3591,56
3592,57
3593,58
3594,59
3595,60
3596,61
3597,62
3598,63
3599,64
3600,65
3601,66
3602,67
3603,68
3604,69
3605,70
3606,71
3607,72
3608,73
3609,74
3610,75
3611,76
3612,77
3613,78
3614,79
3615,80
3616,81
3617,82
3618,83
3619,84
3620,85
3621,86
3622,87
3623,88
3624,89
3625,90
3626,91
3627,92
3628,93
3629,94
3630,95
3631,96
3632,97
3633,98
3634,99
3635,100
3636,0
3637,1
3638,2
3639,3
3640,4
3641,5
3642,6
3643,7
3644,8
3645,9
3646,10
3647,11
3648,12
3649,13
3650,14
3651,15
3652,16
3653,17
3654,18
3655,19
3656,20
3657,21
3658,22
3659,23
3660,24
3661,25
3662,26
3663,27
3664,28
3665,29
3666,30
3667,31
3668,32
3669,33
3670,34
3671,35
3672,36
3673,37
3674,38
3675,39
3676,40
3677,41
3678,42
3679,43
3680,44
3681,45
3682,46
3683,47
3684,48
3685,49
3686,50
3687,51
3688,52
3689,53
3690,54
3691,55
3692,56
3693,57
3694,58
3695,59
3696,60
3697,61
3698,62
3699,63
3700,64
3701,65
3702,66
3703,67
3704,68
3705,69
3706,70
3707,71
3708,72
3709,73
3710,74
3711,75
3712,76
3713,77
3714,78
3715,79
3716,80
3717,81
3718,82
3719,83
3720,84
3721,85
3722,86
3723,87
3724,88
3725,89
3726,90
3727,91
3728,92
3729,93
3730,94
3731,95
3732,96
3733,97
3734,98
3735,99
3736,100
3737,0
3738,1
3739,2
3740,3
3741,4
3742,5
3743,6
3744,7
3745,8
3746,9
3747,10
3748,11
3749,12
3750,13
3751,14
3752,15
3753,16
3754,17
3755,18
3756,19
3757,20
3758,21
3759,22
3760,23
3761,24
3762,25
3763,26
3764,27
3765,28
3766,29
3767,30
3768,31
3769,32
3770,33
3771,34
3772,35
3773,36
3774,37
3775,38
3776,39
3777,40
3778,41
3779,42
3780,43
3781,44
3782,45
3783,46
3784,47
3785,48
3786,49
3787,50
3788,51
3789,52
3790,53
3791,54
3792,55
3793,56
3794,57
3795,58
3796,59
3797,60
3798,61
3799,62
3800,63
3801,64
3802,65
3803,66
3804,67
3805,68
3806,69
3807,70
3808,71
3809,72
3810,73
3811,74
3812,75
3813,76
3814,77
3815,78
3816,79
3817,80
3818,81
3819,82
3820,83
3821,84
3822,85
3823,86
3824,87
3825,88
3826,89
3827,90
3828,91
3829,92
3830,93
3831,94
3832,95
3833,96
3834,97
3835,98
3836,99
3837,100
3838,0
3839,1
3840,2
3841,3
3842,4
3843,5
3844,6
3845,7
3846,8
3847,9
3848,10
3849,11
3850,12
3851,13
3852,14
3853,15
3854,16
3855,17
3856,18
3857,19
3858,20
3859,21
3860,22
3861,23
3862,24
3863,25
3864,26
3865,27
3866,28
3867,29
3868,30
3869,31
3870,32
3871,33
3872,34
3873,35
3874,36
3875,37
3876,38
3877,39
3878,40
3879,41
3880,42
3881,43
3882,44
3883,45
3884,46
3885,47
3886,48
3887,49
3888,50
3889,51
3890,52
3891,53
3892,54
3893,55
3894,56
3895,57
3896,58
3897,59
3898,60
3899,61
3900,62
3901,63
3902,64
3903,65
3904,66
3905,67
3906,68
3907,69
3908,70
3909,71
3910,72
3911,73
3912,74
3913,75
3914,76
3915,77
3916,78
3917,79
3918,80
3919,81
3920,82
3921,83
3922,84
3923,85
3924,86
3925,87
3926,88
3927,89
3928,90
3929,91
3930,92
3931,93
3932,94
3933,95
3934,96
3935,97
3936,98
3937,99
3938,100
3939,0
3940,1
3941,2
3942,3
3943,4
3944,5
3945,6
3946,7
3947,8
3948,9
3949,10
3950,11
3951,12
3952,13
3953,14
3954,15
3955,16
3956,17
3957,18
3958,19
3959,20
3960,21
3961,22
3962,23
3963,24
3964,25
3965,26
3966,27
3967,28
3968,29
3969,30
3970,31
3971,32
3972,33
3973,34
3974,35
3975,36
3976,37
3977,38
3978,39
3979,40
3980,41
3981,42
3982,43
3983,44
3984,45
3985,46
3986,47
3987,48
3988,49
3989,50
3990,51
3991,52
3992,53
3993,54
3994,55
3995,56
3996,57
3997,58
3998,59
3999,60
4000,61
4001,62
4002,63
4003,64
4004,65
4005,66
4006,67
4007,68
4008,69
4009,70
4010,71
4011,72
4012,73
4013,74
4014,75
4015,76
4016,77
4017,78
4018,79
4019,80
4020,81
4021,82
4022,83
4023,84
4024,85
4025,86
4026,87
4027,88
4028,89
4029,90
4030,91
4031,92
4032,93
4033,94
4034,95
4035,96
4036,97
4037,98
4038,99
4039,100
4040,0
4041,1
4042,2
4043,3
4044,4
4045,5
4046,6
4047,7
4048,8
4049,9
4050,10
4051,11
4052,12
4053,13
4054,14
4055,15
4056,16
4057,17
4058,18
4059,19
4060,20
4061,21
4062,22
4063,23
4064,24
4065,25
4066,26
4067,27
4068,28
4069,29
4070,30
4071,31
4072,32
4073,33
4074,34
4075,35
4076,36
4077,37
4078,38
4079,39
4080,40
4081,41
4082,42
4083,43
4084,44
4085,45
4086,46
4087,47
4088,48
4089,49
4090,50
4091,51
4092,52
4093,53
4094,54
4095,55
4096,56
4097,57
4098,58
4099,59
4100,60
4101,61
4102,62
4103,63
4104,64
4105,65
4106,66
4107,67
4108,68
4109,69
4110,70
4111,71
4112,72
4113,73
4114,74
4115,75
4116,76
4117,77
4118,78
4119,79
4120,80
4121,81
4122,82
4123,83
4124,84
4125,85
4126,86
4127,87
4128,88
4129,89
4130,90
4131,91
4132,92
4133,93
4134,94
4135,95
4136,96
4137,97
4138,98
4139,99
4140,100
4141,0
4142,1
4143,2
4144,3
4145,4
4146,5
4147,6
4148,7
4149,8
4150,9
4151,10
4152,11
4153,12
4154,13
4155,14
4156,15
4157,16
4158,17
4159,18
4160,19
4161,20
4162,21
4163,22
4164,23
4165,24
4166,25
4167,26
4168,27
4169,28
4170,29
4171,30
4172,31
4173,32
4174,33
4175,34
4176,35
4177,36
4178,37
4179,38
4180,39
4181,40
4182,41
4183,42
4184,43
4185,44
4186,45
4187,46
4188,47
4189,48
4190,49
4191,50
4192,51
4193,52
4194,53
4195,54
4196,55
4197,56
4198,57
4199,58
4200,59
4201,60
4202,61
4203,62
4204,63
4205,64
4206,65
4207,66
4208,67
4209,68
4210,69
4211,70
4212,71
4213,72
4214,73
4215,74
4216,75
4217,76
4218,77
4219,78
4220,79
4221,80
4222,81
4223,82
4224,83
4225,84
4226,85
4227,86
4228,87
4229,88
4230,89
4231,90
4232,91
4233,92
4234,93
4235,94
4236,95
4237,96
4238,97
4239,98
4240,99
4241,100
4242,0
4243,1
4244,2
4245,3
4246,4
4247,5
4248,6
4249,7
4250,8
4251,9
4252,10
4253,11
4254,12
4255,13
4256,14
4257,15
4258,16
4259,17
4260,18
4261,19
4262,20
4263,21
4264,22
4265,23
4266,24
4267,25
4268,26
4269,27
4270,28
4271,29
4272,30
4273,31
4274,32
4275,33
4276,34
4277,35
4278,36
4279,37
4280,38
4281,39
4282,40
4283,41
4284,42
4285,43
4286,44
4287,45
4288,46
4289,47
4290,48
4291,49
4292,50
4293,51
4294,52
4295,53
4296,54
4297,55
4298,56
4299,57
4300,58
4301,59
4302,60
4303,61
4304,62
4305,63
4306,64
4307,65
4308,66
4309,67
4310,68
4311,69
4312,70
4313,71
4314,72
4315,73
4316,74
4317,75
4318,76
4319,77
4320,78
4321,79
4322,80
4323,81
4324,82
4325,83
4326,84
4327,85
4328,86
4329,87
4330,88
4331,89
4332,90
4333,91
4334,92
4335,93
4336,94
4337,95
4338,96
4339,97
4340,98
4341,99
4342,100
4343,0
4344,1
4345,2
4346,3
4347,4
4348,5
4349,6
4350,7
4351,8
4352,9
4353,10
4354,11
4355,12
4356,13
4357,14
4358,15
4359,16
4360,17
4361,18
4362,19
4363,20
4364,21
4365,22
4366,23
4367,24
4368,25
4369,26
4370,27
4371,28
4372,29
4373,30
4374,31
4375,32
4376,33
4377,34
4378,35
4379,36
4380,37
4381,38
4382,39
4383,40
4384,41
4385,42
4386,43
4387,44
4388,45
4389,46
4390,47
4391,48
4392,49
4393,50
4394,51
4395,52
4396,53
4397,54
4398,55
4399,56
4400,57
4401,58
4402,59
4403,60
4404,61
4405,62
4406,63
4407,64
4408,65
4409,66
4410,67
4411,68
4412,69
4413,70
4414,71
4415,72
4416,73
4417,74
4418,75
4419,76
4420,77
4421,78
4422,79
4423,80
4424,81
4425,82
4426,83
4427,84
4428,85
4429,86
4430,87
4431,88
4432,89
4433,90
4434,91
4435,92
4436,93
4437,94
4438,95
4439,96
4440,97
4441,98
4442,99
4443,100
4444,0
4445,1
4446,2
4447,3
4448,4
4449,5
4450,6
4451,7
4452,8
4453,9
4454,10
4455,11
4456,12
4457,13
4458,14
4459,15
4460,16
4461,17
4462,18
4463,19
4464,20
4465,21
4466,22
4467,23
4468,24
4469,25
4470,26
4471,27
4472,28
4473,29
4474,30
4475,31
4476,32
4477,33
4478,34
4479,35
4480,36
4481,37
4482,38
4483,39
4484,40
4485,41
4486,42
4487,43
4488,44
4489,45
4490,46
4491,47
4492,48
4493,49
4494,50
4495,51
4496,52
4497,53
4498,54
4499,55
4500,56
4501,57
4502,58
4503,59
4504,60
4505,61
4506,62
4507,63
4508,64
4509,65
4510,66
4511,67
4512,68
4513,69
4514,70
4515,71
4516,72
4517,73
4518,74
4519,75
4520,76
4521,77
4522,78
4523,79
4524,80
4525,81
4526,82
4527,83
4528,84
4529,85
4530,86
4531,87
4532,88
4533,89
4534,90
4535,91
4536,92
4537,93
4538,94
4539,95
4540,96
4541,97
4542,98
4543,99
4544,100
4545,0
4546,1
4547,2
4548,3
4549,4
4550,5
4551,6
4552,7
4553,8
4554,9
4555,10
4556,11
4557,12
4558,13
4559,14
4560,15
4561,16
4562,17
4563,18
4564,19
4565,20
4566,21
4567,22
4568,23
4569,24
4570,25
4571,26
4572,27
4573,28
4574,29
4575,30
4576,31
4577,32
4578,33
4579,34
4580,35
4581,36
4582,37
4583,38
4584,39
4585,40
4586,41
4587,42
4588,43
4589,44
4590,45
4591,46
4592,47
4593,48
4594,49
4595,50
4596,51
4597,52
4598,53
4599,54
4600,55
4601,56
4602,57
4603,58
4604,59
4605,60
4606,61
4607,62
4608,63
4609,64
4610,65
4611,66
4612,67
4613,68
4614,69
4615,70
4616,71
4617,72
4618,73
4619,74
4620,75
4621,76
4622,77
4623,78
4624,79
4625,80
4626,81
4627,82
4628,83
4629,84
4630,85
4631,86
4632,87
4633,88
4634,89
4635,90
4636,91
4637,92
4638,93
4639,94
4640,95
4641,96
4642,97
4643,98
4644,99
4645,100
4646,0
4647,1
4648,2
4649,3
4650,4
4651,5
4652,6
4653,7
4654,8
4655,9
4656,10
4657,11
4658,12
4659,13
4660,14
4661,15
4662,16
4663,17
4664,18
4665,19
4666,20
4667,21
4668,22
4669,23
4670,24
4671,25
4672,26
4673,27
4674,28
4675,29
4676,30
4677,31
4678,32
4679,33
4680,34
4681,35
4682,36
4683,37
4684,38
4685,39
4686,40
4687,41
4688,42
4689,43
4690,44
4691,45
4692,46
4693,47
4694,48
4695,49
4696,50
4697,51
4698,52
4699,53
4700,54
4701,55
4702,56
4703,57
4704,58
4705,59
4706,60
4707,61
4708,62
4709,63
4710,64
4711,65
4712,66
4713,67
4714,68
4715,69
4716,70
4717,71
4718,72
4719,73
4720,74
4721,75
4722,76
4723,77
4724,78
4725,79
4726,80
4727,81
4728,82
4729,83
4730,84
4731,85
4732,86
4733,87
4734,88
4735,89
4736,90
4737,91
4738,92
4739,93
4740,94
4741,95
4742,96
4743,97
4744,98
4745,99
4746,100
4747,0
4748,1
4749,2
4750,3
4751,4
4752,5
4753,6
4754,7
4755,8
4756,9
4757,10
4758,11
4759,12
4760,13
4761,14
4762,15
4763,16
4764,17
4765,18
4766,19
4767,20
4768,21
4769,22
4770,23
4771,24
4772,25
4773,26
4774,27
4775,28
4776,29
4777,30
4778,31
4779,32
4780,33
4781,34
4782,35
4783,36
4784,37
4785,38
4786,39
4787,40
4788,41
4789,42
4790,43
4791,44
4792,45
4793,46
4794,47
4795,48
4796,49
4797,50
4798,51
4799,52
4800,53
4801,54
4802,55
4803,56
4804,57
4805,58
4806,59
4807,60
4808,61
4809,62
4810,63
4811,64
4812,65
4813,66
4814,67
4815,68
4816,69
4817,70
4818,71
4819,72
4820,73
4821,74
4822,75
4823,76
4824,77
4825,78
4826,79
4827,80
4828,81
4829,82
4830,83
4831,84
4832,85
4833,86
4834,87
4835,88
4836,89
4837,90
4838,91
4839,92
4840,93
4841,94
4842,95
4843,96
4844,97
4845,98
4846,99
4847,100
4848,0
4849,1
4850,2
4851,3
4852,4
4853,5
4854,6
4855,7
4856,8
4857,9
4858,10
4859,11
4860,12
4861,13
4862,14
4863,15
4864,16
4865,17
4866,18
4867,19
4868,20
4869,21
4870,22
4871,23
4872,24
4873,25
4874,26
4875,27
4876,28
4877,29
4878,30
4879,31
4880,32
4881,33
4882,34
4883,35
4884,36
4885,37
4886,38
4887,39
4888,40
4889,41
4890,42
4891,43
4892,44
4893,45
4894,46
4895,47
4896,48
4897,49
4898,50
4899,51
4900,52
4901,53
4902,54
4903,55
4904,56
4905,57
4906,58
4907,59
4908,60
4909,61
4910,62
4911,63
4912,64
4913,65
4914,66
4915,67
4916,68
4917,69
4918,70
4919,71
4920,72
4921,73
4922,74
4923,75
4924,76
4925,77
4926,78
4927,79
4928,80
4929,81
4930,82
4931,83
4932,84
4933,85
4934,86
4935,87
4936,88
4937,89
4938,90
4939,91
4940,92
4941,93
4942,94
4943,95
4944,96
4945,97
4946,98
4947,99
4948,100
4949,0
4950,1
4951,2
4952,3
4953,4
4954,5
4955,6
4956,7
4957,8
4958,9
4959,10
4960,11
4961,12
4962,13
4963,14
4964,15
4965,16
4966,17
4967,18
4968,19
4969,20
4970,21
4971,22
4972,23
4973,24
4974,25
4975,26
4976,27
4977,28
4978,29
4979,30
4980,31
4981,32
4982,33
4983,34
4984,35
4985,36
4986,37
4987,38
4988,39
4989,40
4990,41
4991,42
4992,43
4993,44
4994,45
4995,46
4996,47
4997,48
4998,49
4999,50
5000,51
5001,52
5002,53
5003,54
5004,55
5005,56
5006,57
5007,58
5008,59
5009,60
5010,61
5011,62
5012,63
5013,64
5014,65
5015,66
5016,67
5017,68
5018,69
5019,70
5020,71
5021,72
5022,73
5023,74
5024,75
5025,76
5026,77
5027,78
5028,79
5029,80
5030,81
5031,82
5032,83
5033,84
5034,85
5035,86
5036,87
5037,88
5038,89
5039,90
5040,91
5041,92
5042,93
5043,94
5044,95
5045,96
5046,97
5047,98
5048,99
5049,100
5050,0
5051,1
5052,2
5053,3
5054,4
5055,5
5056,6
5057,7
5058,8
5059,9
5060,10
5061,11
5062,12
5063,13
5064,14
5065,15
5066,16
5067,17
5068,18
5069,19
5070,20
5071,21
5072,22
5073,23
5074,24
5075,25
5076,26
5077,27
5078,28
5079,29
5080,30
5081,31
5082,32
5083,33
5084,34
5085,35
5086,36
5087,37
5088,38
5089,39
5090,40
5091,41
5092,42
5093,43
5094,44
5095,45
5096,46
5097,47
5098,48
5099,49
5100,50
5101,51
5102,52
5103,53
5104,54
5105,55
5106,56
5107,57
5108,58
5109,59
5110,60
5111,61
5112,62
5113,63
5114,64
5115,65
5116,66
5117,67
5118,68
5119,69
5120,70
5121,71
5122,72
5123,73
5124,74
5125,75
5126,76
5127,77
5128,78
5129,79
5130,80
5131,81
5132,82
5133,83
5134,84
5135,85
5136,86
5137,87
5138,88
5139,89
5140,90
5141,91
5142,92
5143,93
5144,94
5145,95
5146,96
5147,97
5148,98
5149,99
5150,100
5151,0
5152,1
5153,2
5154,3
5155,4
5156,5
5157,6
5158,7
5159,8
5160,9
5161,10
5162,11
5163,12
5164,13
5165,14
5166,15
5167,16
5168,17
5169,18
5170,19
5171,20
5172,21
5173,22
5174,23
5175,24
5176,25
5177,26
5178,27
5179,28
5180,29
5181,30
5182,31
5183,32
5184,33
5185,34
5186,35
5187,36
5188,37
5189,38
5190,39
5191,40
5192,41
5193,42
5194,43
5195,44
5196,45
5197,46
5198,47
5199,48
5200,49
5201,50
5202,51
5203,52
5204,53
5205,54
5206,55
5207,56
5208,57
5209,58
5210,59
5211,60
5212,61
5213,62
5214,63
5215,64
5216,65
5217,66
5218,67
5219,68
5220,69
5221,70
5222,71
5223,72
5224,73
5225,74
5226,75
5227,76
5228,77
5229,78
5230,79
5231,80
5232,81
5233,82
5234,83
5235,84
5236,85
5237,86
5238,87
5239,88
5240,89
5241,90
5242,91
5243,92
5244,93
5245,94
5246,95
5247,96
5248,97
5249,98
5250,99
5251,100
5252,0
5253,1
5254,2
5255,3
5256,4
5257,5
5258,6
5259,7
5260,8
5261,9
5262,10
5263,11
5264,12
5265,13
5266,14
5267,15
5268,16
5269,17
5270,18
5271,19
5272,20
5273,21
5274,22
5275,23
5276,24
5277,25
5278,26
5279,27
5280,28
5281,29
5282,30
5283,31
5284,32
5285,33
5286,34
5287,35
5288,36
5289,37
5290,38
5291,39
5292,40
5293,41
5294,42
5295,43
5296,44
5297,45
5298,46
5299,47
5300,48
5301,49
5302,50
5303,51
5304,52
5305,53
5306,54
5307,55
5308,56
5309,57
5310,58
5311,59
5312,60
5313,61
5314,62
5315,63
5316,64
5317,65
5318,66
5319,67
5320,68
5321,69
5322,70
5323,71
5324,72
5325,73
5326,74
5327,75
5328,76
5329,77
5330,78
5331,79
5332,80
5333,81
5334,82
5335,83
5336,84
5337,85
5338,86
5339,87
5340,88
5341,89
5342,90
5343,91
5344,92
5345,93
5346,94
5347,95
5348,96
5349,97
5350,98
5351,99
5352,100
5353,0
5354,1
5355,2
5356,3
5357,4
5358,5
5359,6
5360,7
5361,8
5362,9
5363,10
5364,11
5365,12
5366,13
5367,14
5368,15
5369,16
5370,17
5371,18
5372,19
5373,20
5374,21
5375,22
5376,23
5377,24
5378,25
5379,26
5380,27
5381,28
5382,29
5383,30
5384,31
5385,32
5386,33
5387,34
5388,35
5389,36
5390,37
5391,38
5392,39
5393,40
5394,41
5395,42
5396,43
5397,44
5398,45
5399,46
5400,47
5401,48
5402,49
5403,50
5404,51
5405,52
5406,53
5407,54
5408,55
5409,56
5410,57
5411,58
5412,59
5413,60
5414,61
5415,62
5416,63
5417,64
5418,65
5419,66
5420,67
5421,68
5422,69
5423,70
5424,71
5425,72
5426,73
5427,74
5428,75
5429,76
5430,77
5431,78
5432,79
5433,80
5434,81
5435,82
5436,83
5437,84
5438,85
5439,86
5440,87
5441,88
5442,89
5443,90
5444,91
5445,92
5446,93
5447,94
5448,95
5449,96
5450,97
5451,98
5452,99
5453,100
5454,0
5455,1
5456,2
5457,3
5458,4
5459,5
5460,6
5461,7
5462,8
5463,9
5464,10
5465,11
5466,12
5467,13
5468,14
5469,15
5470,16
5471,17
5472,18
5473,19
5474,20
5475,21
5476,22
5477,23
5478,24
5479,25
5480,26
5481,27
5482,28
5483,29
5484,30
5485,31
5486,32
5487,33
5488,34
5489,35
5490,36
5491,37
5492,38
5493,39
5494,40
5495,41
5496,42
5497,43
5498,44
5499,45
5500,46
5501,47
5502,48
5503,49
5504,50
5505,51
5506,52
5507,53
5508,54
5509,55
5510,56
5511,57
5512,58
5513,59
5514,60
5515,61
5516,62
5517,63
5518,64
5519,65
5520,66
5521,67
5522,68
5523,69
5524,70
5525,71
5526,72
5527,73
5528,74
5529,75
5530,76
5531,77
5532,78
5533,79
5534,80
5535,81
5536,82
5537,83
5538,84
5539,85
5540,86
5541,87
5542,88
5543,89
5544,90
5545,91
5546,92
5547,93
5548,94
5549,95
5550,96
5551,97
5552,98
5553,99
5554,100
5555,0
5556,1
5557,2
5558,3
5559,4
5560,5
5561,6
5562,7
5563,8
5564,9
5565,10
5566,11
5567,12
5568,13
5569,14
5570,15
5571,16
5572,17
5573,18
5574,19
5575,20
5576,21
5577,22
5578,23
5579,24
5580,25
5581,26
5582,27
5583,28
5584,29
5585,30
5586,31
5587,32
5588,33
5589,34
5590,35
5591,36
5592,37
5593,38
5594,39
5595,40
5596,41
5597,42
5598,43
5599,44
5600,45
5601,46
5602,47
5603,48
5604,49
5605,50
5606,51
5607,52
5608,53
5609,54
5610,55
5611,56
5612,57
5613,58
5614,59
5615,60
5616,61
5617,62
5618,63
5619,64
5620,65
5621,66
5622,67
5623,68
5624,69
5625,70
5626,71
5627,72
5628,73
5629,74
5630,75
5631,76
5632,77
5633,78
5634,79
5635,80
5636,81
5637,82
5638,83
5639,84
5640,85
5641,86
5642,87
5643,88
5644,89
5645,90
5646,91
5647,92
5648,93
5649,94
5650,95
5651,96
5652,97
5653,98
5654,99
5655,100
5656,0
5657,1
5658,2
5659,3
5660,4
5661,5
5662,6
5663,7
5664,8
5665,9
5666,10
5667,11
5668,12
5669,13
5670,14
5671,15
5672,16
5673,17
5674,18
5675,19
5676,20
5677,21
5678,22
5679,23
5680,24
5681,25
5682,26
5683,27
5684,28
5685,29
5686,30
5687,31
5688,32
5689,33
5690,34
5691,35
5692,36
5693,37
5694,38
5695,39
5696,40
5697,41
5698,42
5699,43
5700,44
5701,45
5702,46
5703,47
5704,48
5705,49
5706,50
5707,51
5708,52
5709,53
5710,54
5711,55
5712,56
5713,57
5714,58
5715,59
5716,60
5717,61
5718,62
5719,63
5720,64
5721,65
5722,66
5723,67
5724,68
5725,69
5726,70
5727,71
5728,72
5729,73
5730,74
5731,75
5732,76
5733,77
5734,78
5735,79
5736,80
5737,81
5738,82
5739,83
5740,84
5741,85
5742,86
5743,87
5744,88
5745,89
5746,90
5747,91
5748,92
5749,93
5750,94
5751,95
5752,96
5753,97
5754,98
5755,99
5756,100
5757,0
5758,1
5759,2
5760,3
5761,4
5762,5
5763,6
5764,7
5765,8
5766,9
5767,10
5768,11
5769,12
5770,13
5771,14
5772,15
5773,16
5774,17
5775,18
5776,19
5777,20
5778,21
5779,22
5780,23
5781,24
5782,25
5783,26
5784,27
5785,28
5786,29
5787,30
5788,31
5789,32
5790,33
5791,34
5792,35
5793,36
5794,37
5795,38
5796,39
5797,40
5798,41
5799,42
5800,43
5801,44
5802,45
5803,46
5804,47
5805,48
5806,49
5807,50
5808,51
5809,52
5810,53
5811,54
5812,55
5813,56
5814,57
5815,58
5816,59
5817,60
5818,61
5819,62
5820,63
5821,64
5822,65
5823,66
5824,67
5825,68
5826,69
5827,70
5828,71
5829,72
5830,73
5831,74
5832,75
5833,76
5834,77
5835,78
5836,79
5837,80
5838,81
5839,82
5840,83
5841,84
5842,85
5843,86
5844,87
5845,88
5846,89
5847,90
5848,91
5849,92
5850,93
5851,94
5852,95
5853,96
5854,97
5855,98
5856,99
5857,100
5858,0
5859,1
5860,2
5861,3
5862,4
5863,5
5864,6
5865,7
5866,8
5867,9
5868,10
5869,11
5870,12
5871,13
5872,14
5873,15
5874,16
5875,17
5876,18
5877,19
5878,20
5879,21
5880,22
5881,23
5882,24
5883,25
5884,26
5885,27
5886,28
5887,29
5888,30
5889,31
5890,32
5891,33
5892,34
5893,35
5894,36
5895,37
5896,38
5897,39
5898,40
5899,41
5900,42
5901,43
5902,44
5903,45
5904,46
5905,47
5906,48
5907,49
5908,50
5909,51
5910,52
5911,53
5912,54
5913,55
5914,56
5915,57
5916,58
5917,59
5918,60
5919,61
5920,62
5921,63
5922,64
5923,65
5924,66
5925,67
5926,68
5927,69
5928,70
5929,71
5930,72
5931,73
5932,74
5933,75
5934,76
5935,77
5936,78
5937,79
5938,80
5939,81
5940,82
5941,83
5942,84
5943,85
5944,86
5945,87
5946,88
5947,89
5948,90
5949,91
5950,92
5951,93
5952,94
5953,95
5954,96
5955,97
5956,98
5957,99
5958,100
5959,0
5960,1
5961,2
5962,3
5963,4
5964,5
5965,6
5966,7
5967,8
5968,9
5969,10
5970,11
5971,12
5972,13
5973,14
5974,15
5975,16
5976,17
5977,18
5978,19
5979,20
5980,21
5981,22
5982,23
5983,24
5984,25
5985,26
5986,27
5987,28
5988,29
5989,30
5990,31
5991,32
5992,33
5993,34
5994,35
5995,36
5996,37
5997,38
5998,39
5999,40
6000,41
6001,42
6002,43
6003,44
6004,45
6005,46
6006,47
6007,48
6008,49
6009,50
6010,51
6011,52
6012,53
6013,54
6014,55
6015,56
6016,57
6017,58
6018,59
6019,60
6020,61
6021,62
6022,63
6023,64
6024,65
6025,66
6026,67
6027,68
6028,69
6029,70
6030,71
6031,72
6032,73
6033,74
6034,75
6035,76
6036,77
6037,78
6038,79
6039,80
6040,81
6041,82
6042,83
6043,84
6044,85
6045,86
6046,87
6047,88
6048,89
6049,90
6050,91
6051,92
6052,93
6053,94
6054,95
6055,96
6056,97
6057,98
6058,99
6059,100
6060,0
6061,1
6062,2
6063,3
6064,4
6065,5
6066,6
6067,7
6068,8
6069,9
6070,10
6071,11
6072,12
6073,13
6074,14
6075,15
6076,16
6077,17
6078,18
6079,19
6080,20
6081,21
6082,22
6083,23
6084,24
6085,25
6086,26
6087,27
6088,28
6089,29
6090,30
6091,31
6092,32
6093,33
6094,34
6095,35
6096,36
6097,37
6098,38
6099,39
6100,40
6101,41
6102,42
6103,43
6104,44
6105,45
6106,46
6107,47
6108,48
6109,49
6110,50
6111,51
6112,52
6113,53
6114,54
6115,55
6116,56
6117,57
6118,58
6119,59
6120,60
6121,61
6122,62
6123,63
6124,64
6125,65
6126,66
6127,67
6128,68
6129,69
6130,70
6131,71
6132,72
6133,73
6134,74
6135,75
6136,76
6137,77
6138,78
6139,79
6140,80
6141,81
6142,82
6143,83
6144,84
6145,85
6146,86
6147,87
6148,88
6149,89
6150,90
6151,91
6152,92
6153,93
6154,94
6155,95
6156,96
6157,97
6158,98
6159,99
6160,100
6161,0
6162,1
6163,2
6164,3
6165,4
6166,5
6167,6
6168,7
6169,8
6170,9
6171,10
6172,11
6173,12
6174,13
6175,14
6176,15
6177,16
6178,17
6179,18
6180,19
6181,20
6182,21
6183,22
6184,23
6185,24
6186,25
6187,26
6188,27
6189,28
6190,29
6191,30
6192,31
6193,32
6194,33
6195,34
6196,35
6197,36
6198,37
6199,38
6200,39
6201,40
6202,41
6203,42
6204,43
6205,44
6206,45
6207,46
6208,47
6209,48
6210,49
6211,50
6212,51
6213,52
6214,53
6215,54
6216,55
6217,56
6218,57
6219,58
6220,59
6221,60
6222,61
6223,62
6224,63
6225,64
6226,65
6227,66
6228,67
6229,68
6230,69
6231,70
6232,71
6233,72
6234,73
6235,74
6236,75
6237,76
6238,77
6239,78
6240,79
6241,80
6242,81
6243,82
6244,83
6245,84
6246,85
6247,86
6248,87
6249,88
6250,89
6251,90
6252,91
6253,92
6254,93
6255,94
6256,95
6257,96
6258,97
6259,98
6260,99
6261,100
6262,0
6263,1
6264,2
6265,3
6266,4
6267,5
6268,6
6269,7
6270,8
6271,9
6272,10
6273,11
6274,12
6275,13
6276,14
6277,15
6278,16
6279,17
6280,18
6281,19
6282,20
6283,21
6284,22
6285,23
6286,24
6287,25
6288,26
6289,27
6290,28
6291,29
6292,30
6293,31
6294,32
6295,33
6296,34
6297,35
6298,36
6299,37
6300,38
6301,39
6302,40
6303,41
6304,42
6305,43
6306,44
6307,45
6308,46
6309,47
6310,48
6311,49
6312,50
6313,51
6314,52
6315,53
6316,54
6317,55
6318,56
6319,57
6320,58
6321,59
6322,60
6323,61
6324,62
6325,63
6326,64
6327,65
6328,66
6329,67
6330,68
6331,69
6332,70
6333,71
6334,72
6335,73
6336,74
6337,75
6338,76
6339,77
6340,78
6341,79
6342,80
6343,81
6344,82
6345,83
6346,84
6347,85
6348,86
6349,87
6350,88
6351,89
6352,90
6353,91
6354,92
6355,93
6356,94
6357,95
6358,96
6359,97
6360,98
6361,99
6362,100
6363,0
6364,1
6365,2
6366,3
6367,4
6368,5
6369,6
6370,7
6371,8
6372,9
6373,10
6374,11
6375,12
6376,13
6377,14
6378,15
6379,16
6380,17
6381,18
6382,19
6383,20
6384,21
6385,22
6386,23
6387,24
6388,25
6389,26
6390,27
6391,28
6392,29
6393,30
6394,31
6395,32
6396,33
6397,34
6398,35
6399,36
6400,37
6401,38
6402,39
6403,40
6404,41
6405,42
6406,43
6407,44
6408,45
6409,46
6410,47
6411,48
6412,49
6413,50
6414,51
6415,52
6416,53
6417,54
6418,55
6419,56
6420,57
6421,58
6422,59
6423,60
6424,61
6425,62
6426,63
6427,64
6428,65
6429,66
6430,67
6431,68
6432,69
6433,70
6434,71
6435,72
6436,73
6437,74
6438,75
6439,76
6440,77
6441,78
6442,79
6443,80
6444,81
6445,82
6446,83
6447,84
6448,85
6449,86
6450,87
6451,88
6452,89
6453,90
6454,91
6455,92
6456,93
6457,94
6458,95
6459,96
6460,97
6461,98
6462,99
6463,100
6464,0
6465,1
6466,2
6467,3
6468,4
6469,5
6470,6
6471,7
6472,8
6473,9
6474,10
6475,11
6476,12
6477,13
6478,14
6479,15
6480,16
6481,17
6482,18
6483,19
6484,20
6485,21
6486,22
6487,23
6488,24
6489,25
6490,26
6491,27
6492,28
6493,29
6494,30
6495,31
6496,32
6497,33
6498,34
6499,35
6500,36
6501,37
6502,38
6503,39
6504,40
6505,41
6506,42
6507,43
6508,44
6509,45
6510,46
6511,47
6512,48
6513,49
6514,50
6515,51
6516,52
6517,53
6518,54
6519,55
6520,56
6521,57
6522,58
6523,59
6524,60
6525,61
6526,62
6527,63
6528,64
6529,65
6530,66
6531,67
6532,68
6533,69
6534,70
6535,71
6536,72
6537,73
6538,74
6539,75
6540,76
6541,77
6542,78
6543,79
6544,80
6545,81
6546,82
6547,83
6548,84
6549,85
6550,86
6551,87
6552,88
6553,89
6554,90
6555,91
6556,92
6557,93
6558,94
6559,95
6560,96
6561,97
6562,98
6563,99
6564,100
6565,0
6566,1
